"Country","Country (local)","Country code","Continent","Capital","Population","Area (sq km)","Area (sq mi)","Coastline (km)","Coastline (mi)","Government form","Currency","Currency code","Dialing prefix","Birthrate","Deathrate","Url"
"Afghanistan","افغانستان Afghānestān","AF","Asia","Kabul",40099462,652860,252071,0,0,"Presidential islamic republic","Afghani","AFN",93,36.1,7.1,"https://www.worlddata.info/asia/afghanistan/index.php"
"Egypt","مصر Miṣr","EG","Africa","Cairo",109262178,1001450,386662,2450,1522,"Presidential republic","Egypt Pound","EGP",20,23.1,5.9,"https://www.worlddata.info/africa/egypt/index.php"
"Åland Islands","Ahvenanmaa","AX","Europe","Mariehamn",29013,1580,610,0,0,"Autonomous region of Finland","Euro","EUR",358,0,0,"https://www.worlddata.info/europe/aland/index.php"
"Albania","Republika e Shqipërisë","AL","Europe","Tirana",2811666,28750,11100,362,225,"Parliamentary republic","Lek","ALL",355,10.3,10.8,"https://www.worlddata.info/europe/albania/index.php"
"Algeria","الجزائر al-Dschazā’ir","DZ","Africa","Algiers",44177969,2381740,919595,998,620,"Presidential republic","Algerian Dinar","DZD",213,22.4,5.4,"https://www.worlddata.info/africa/algeria/index.php"
"American Samoa","Sāmoa Amelika","AS","Oceania","Pago Pago",45035,199,77,116,72,"Presidential democracy (self-governing territory of the US)","US Dollar","USD","1-684",12.7,5.6,"https://www.worlddata.info/oceania/american-samoa/index.php"
"Andorra",,"AD","Europe","Andorra la Vella",79034,470,181,0,0,"Parliamentary democracy","Euro","EUR",376,7,3.9,"https://www.worlddata.info/europe/andorra/index.php"
"Angola","Ngola","AO","Africa","Luanda",34503774,1246700,481354,1600,994,"Presidential republic","Kwanza","AOA",244,39.3,7.8,"https://www.worlddata.info/africa/angola/index.php"
"Anguilla","Anguilla","AI","Central America","The Valley",18741,96,37,61,38,"Parliamentary democracy (self-governing territory of the UK)","East Caribbean Dollar","XCD","1-264",0,0,"https://www.worlddata.info/america/anguilla/index.php"
"Antarctica",,"AQ","Oceania",,0,14200000,5482651,17968,11165,"Foreign-administrated territory",,,,0,0,"https://www.worlddata.info/oceania/antarctica/index.php"
"Antigua and Barbuda","Antigua and Barbuda","AG","Central America","Saint John’s",93219,440,170,153,95,"Parliamentary democracy (under constitutional monarchy)","East Caribbean Dollar","XCD","1-268",12.2,6,"https://www.worlddata.info/america/antigua-barbuda/index.php"
"Equatorial Guinea","Guinea Ecuatorial","GQ","Africa","Malabo",1634466,28050,10830,296,184,"Presidential republic","Central African Franc","XAF",240,31.2,9,"https://www.worlddata.info/africa/equatorial-guinea/index.php"
"Argentina","Argentina","AR","South America","Buenos Aires",45808747,2780400,1073518,4989,3100,"Presidential republic","Argentine Peso","ARS",54,14.1,8.5,"https://www.worlddata.info/america/argentina/index.php"
"Armenia","Հայաստան Hajastan","AM","Asia","Yerevan",2790974,29740,11483,0,0,"Semi-presidential republic","Dram","AMD",374,12.5,12.8,"https://www.worlddata.info/asia/armenia/index.php"
"Aruba","Aruba","AW","Central America","Oranjestad",106537,179,69,69,43,"Parliamentary democracy (territory of the Kingdom of the Netherlands)","Guilder","AWG",297,8.1,9.7,"https://www.worlddata.info/america/aruba/index.php"
"Azerbaijan","Azərbaycan","AZ","Asia","Baku",10137750,86600,33436,0,0,"Presidential republic","Manat","AZN",994,12.5,7.5,"https://www.worlddata.info/asia/azerbaijan/index.php"
"Ethiopia","ኢትዮጵያ Ityop̣p̣əya","ET","Africa","Addis Ababa",120283026,1104300,426373,0,0,"Federal parliamentary republic","Birr","ETB",251,32.8,6.6,"https://www.worlddata.info/africa/ethiopia/index.php"
"Australia","Australia","AU","Australia","Canberra",25688079,7741220,2988902,25760,16007,"Parliamentary democracy (under constitutional monarchy)","Australian Dollar","AUD",61,11.5,6.3,"https://www.worlddata.info/australia/australia/index.php"
"Bahamas","The Bahamas","BS","Central America","Nassau",407906,13878,5358,3542,2201,"Parliamentary democracy (under constitutional monarchy)","Bahamian Dollar","BSD","1-242",11.5,8.1,"https://www.worlddata.info/america/bahamas/index.php"
"Bahrain","البحرين al-Bahrain","BH","Asia","Manama",1463265,778,300,161,100,"constitutional monarchy","Bahrain Dinar","BHD",973,12.6,2.2,"https://www.worlddata.info/asia/bahrain/index.php"
"Bangladesh","বাংলাদেশ Bāṃlādeś","BD","Asia","Dhaka",169356251,147630,57000,580,360,"Parliamentary republic","Taka","BDT",880,18.1,5.8,"https://www.worlddata.info/asia/bangladesh/index.php"
"Barbados","Barbados","BB","Central America","Bridgetown",281200,430,166,97,60,"Parliamentary democracy","Barbadian Dollar","BBD","1-246",10.9,9,"https://www.worlddata.info/america/barbados/index.php"
"Belarus","Беларусь","BY","Europe","Minsk",9340314,207600,80155,0,0,"Presidential republic (in fact a dictatorship)","Belarus Rubel","BYR",375,9.3,13,"https://www.worlddata.info/europe/belarus/index.php"
"Belgium","België / Belgique","BE","Europe","Brussels",11592952,30530,11788,67,42,"Federal parliamentary republic (under constitutional monarchy)","Euro","EUR",32,9.9,11,"https://www.worlddata.info/europe/belgium/index.php"
"Belize","Belize","BZ","Central America","Belmopan",400031,22970,8869,386,240,"Parliamentary democracy (under constitutional monarchy)","Belize Dollar","BZD",501,17.9,5.2,"https://www.worlddata.info/america/belize/index.php"
"Benin","Bénin","BJ","Africa","Porto-Novo",12996895,114760,44309,121,75,"Presidential republic","West African Franc","XOF",229,37.1,9.4,"https://www.worlddata.info/africa/benin/index.php"
"Bermuda","Bermuda","BM","North America","Hamilton",63867,53,21,103,64,"Parliamentary democracy (self-governing territory of the UK)","Bermudian Dollar","BMD","1-441",8.4,8.8,"https://www.worlddata.info/america/bermuda/index.php"
"Bhutan","འབྲུག་ཡུལ་ Dzongkha","BT","Asia","Thimphu",777486,38394,14824,0,0,"constitutional monarchy","Ngultrum","BTN",975,12.7,6.5,"https://www.worlddata.info/asia/bhutan/index.php"
"Bolivia","Bolivia","BO","South America","Sucre",12079472,1098580,424164,0,0,"Presidential republic","Boliviano","BOB",591,22.1,9.3,"https://www.worlddata.info/america/bolivia/index.php"
"Bosnia and Herzegovina","Bosna i Hercegovina / Босна и Херцеговина","BA","Europe","Sarajevo",3270943,51210,19772,20,12,"Parliamentary republic","Convertible Mark","BAM",387,8.6,14.1,"https://www.worlddata.info/europe/bosnia-and-herzegovina/index.php"
"Botswana","Botswana","BW","Africa","Gaborone",2588423,581730,224607,0,0,"Parliamentary republic","Pula","BWP",267,24.2,7,"https://www.worlddata.info/africa/botswana/index.php"
"Bouvet Island","Bouvetøya","BV","South America",,0,49,19,30,19,"Territory of Norway","Norwegian Krone","NOK",,0,0,"https://www.worlddata.info/america/bouvet-island/index.php"
"Brazil","Brasil","BR","South America","Brasilia",214326223,8515770,3287957,7491,4655,"Federal presidential republic","Brazilian Real","BRL",55,13.1,7.4,"https://www.worlddata.info/america/brazil/index.php"
"British Indian Ocean Territory","British Indian Ocean Territory","IO","Africa",,3500,63,24,698,434,"British overseas territory","US Dollar","USD",246,0,0,"https://www.worlddata.info/africa/british-indian-ocean-territory/index.php"
"Brunei","نݢارا بروني دار السلام","BN","Asia","Bandar Seri Begawan",445373,5770,2228,161,100,"Absolute monarchy/sultanate","Brunei Dollar","BND",673,14.2,5,"https://www.worlddata.info/asia/brunei/index.php"
"Bulgaria","България","BG","Europe","Sofia",6877743,111000,42857,354,220,"Parliamentary republic","Bulgarian Lev","BGN",359,8.5,18,"https://www.worlddata.info/europe/bulgaria/index.php"
"Burkina Faso","Burkina Faso","BF","Africa","Ouagadougou",22100683,274220,105877,0,0,"Presidential republic","West African Franc","XOF",226,36.1,8.8,"https://www.worlddata.info/africa/burkina-faso/index.php"
"Burundi","Burundi / Uburundi","BI","Africa","Bujumbura",12551213,27830,10745,0,0,"Presidential republic","Burundi Franc","BIF",257,35.6,7.6,"https://www.worlddata.info/africa/burundi/index.php"
"Chile","Chile","CL","South America","Santiago",19493184,756700,292164,6435,3999,"Presidential republic","Chilean Peso","CLP",56,11.8,7.2,"https://www.worlddata.info/america/chile/index.php"
"China","中國 / 中国 / Zhōngguó","CN","Asia","Beijing",1425671000,9562910,3692260,14500,9010,"People's republic (communist 	one-party system)","Renminbi Yuan","CNY",86,8.5,7.1,"https://www.worlddata.info/asia/china/index.php"
"Cook Islands","Cook Islands / Kūki 'Āirani","CK","Oceania","Avarua",8128,242,93,120,75,"Parliamentary democracy","Cook Dollar","CKD",682,0,0,"https://www.worlddata.info/oceania/cook-islands/index.php"
"Costa Rica","Costa Rica","CR","Central America","San José",5153957,51100,19730,1290,802,"Presidential republic","Colón","CRC",506,12.2,5.6,"https://www.worlddata.info/america/costa-rica/index.php"
"Curacao","Curaçao / Kòrsou","CW","Central America","Willemstad",152369,444,171,364,226,"Parliamentary republic","Netherlands Antillean Guilder","ANG",599,10.1,9,"https://www.worlddata.info/america/curacao/index.php"
"Denmark","Danmark","DK","Europe","Copenhagen",5856733,42920,16572,7314,4545,"Parliamentary constitutional monarchy","Danish Krone","DKK",45,10.4,9.4,"https://www.worlddata.info/europe/denmark/index.php"
"Democratic Republic of the Congo","République Démocratique du Congo","CD","Africa","Kinshasa",95894118,2344860,905356,37,23,"Semi-presidential republic","Congolais Franc","CDF",243,42.3,9.5,"https://www.worlddata.info/africa/congo-kinshasa/index.php"
"Germany","Deutschland","DE","Europe","Berlin",83196078,357580,138062,2389,1484,"Federal parliamentary republic","Euro","EUR",49,9.3,11.9,"https://www.worlddata.info/europe/germany/index.php"
"Dominica","Dominica","DM","Central America","Roseau",72412,750,290,148,92,"Parliamentary republic","East Caribbean Dollar","XCD","1-767",9.6,9.6,"https://www.worlddata.info/america/dominica/index.php"
"Dominican Republic","República Dominicana","DO","Central America","Santo Domingo",11117873,48670,18792,1288,800,"Presidential republic","Dominican Peso","DOP","1-809",18.8,6.5,"https://www.worlddata.info/america/dominican-republic/index.php"
"Djibouti","جيبوتي / Dschībūtī / Djibouti / Jabuuti / Gab","DJ","Africa","Djibouti",1105557,23200,8958,314,195,"Semi-presidential republic","Djibouti Franc","DJF",253,22.5,8.8,"https://www.worlddata.info/africa/djibouti/index.php"
"Ecuador","Ecuador","EC","South America","Quito",17797737,256370,98985,2237,1390,"Presidential republic","US Dollar","USD",593,17,7.5,"https://www.worlddata.info/america/ecuador/index.php"
"El Salvador","El Salvador","SV","Central America","San Salvador",6314167,21040,8124,307,191,"Presidential republic","US Dollar","USD",503,16.2,8.4,"https://www.worlddata.info/america/el-salvador/index.php"
"Ivory Coast","Côte d’Ivoire","CI","Africa","Yamoussoukro",27478249,322460,124503,515,320,"Presidential republic","West African Franc","XOF",225,34.2,8.8,"https://www.worlddata.info/africa/ivory-coast/index.php"
"Eritrea","ኤርትራ Ertra / إرتريا Iritriyyā","ER","Africa","Asmara",3620312,117600,45406,2234,1388,"Presidential republic","Nakfa","ERN",291,28.7,6.4,"https://www.worlddata.info/africa/eritrea/index.php"
"Estonia","Eesti","EE","Europe","Tallinn",1330932,45340,17506,3794,2357,"Parliamentary republic","Euro","EUR",372,9.9,11.9,"https://www.worlddata.info/europe/estonia/index.php"
"Eswatini","Umbuso weSwatini","SZ","Africa","Mbabane",1192271,17360,6703,0,0,"Absolute monarchy","Swazi Lilangeni","SZL",268,24.6,9.6,"https://www.worlddata.info/africa/eswatini/index.php"
"Falkland Islands","Falkland Islands","FK","South America","Stanley",3198,12173,4700,1288,800,"Parliamentary democracy (self-governing territory of the UK)","Falklands Pound","FKP",500,0,0,"https://www.worlddata.info/america/falkland-islands/index.php"
"Faroe Islands","Føroyar / Færøerne","FO","Europe","Tórshavn",52889,1396,539,1117,694,"Parliamentary democracy (territory of the Kingdom of Denmark)","Faroese Krona","FOK",298,12.9,7,"https://www.worlddata.info/europe/faroe-islands/index.php"
"Fiji","Viti / फ़िजी गणराज्य / Fiji","FJ","Oceania","Suva",924610,18270,7054,1129,702,"Parliamentary republic","Fiji Dollar","FJD",679,19.6,8.1,"https://www.worlddata.info/oceania/fiji/index.php"
"Finland","Suomi","FI","Europe","Helsinki",5541017,338450,130676,1250,777,"Parliamentary republic","Euro","EUR",358,8.4,10,"https://www.worlddata.info/europe/finland/index.php"
"Federated States of Micronesia",,"FM","Oceania",,113131,700,270,6112,3798,"Federal republic","US Dollar","USD",691,20.8,6.1,"https://www.worlddata.info/oceania/micronesia/index.php"
"France","France","FR","Europe","Paris",67749632,549087,212004,3427,2129,"Semi-presidential republic","Euro","EUR",33,10.9,9.9,"https://www.worlddata.info/europe/france/index.php"
"French Guiana","Guyane française","GF","South America","Cayenne",181000,83534,32253,378,235,"French overseas territory","Euro","EUR",594,0,0,"https://www.worlddata.info/america/french-guiana/index.php"
"French Polynesia","Polynésie française","PF","Oceania","Papeete",304032,4000,1544,2525,1569,"Parliamentary democracy (territory of France)","Pacific Franc","XPF",689,12.9,3.9,"https://www.worlddata.info/oceania/french-polynesia/index.php"
"French Southern and Antarctic Lands","Terres australes françaises","TF","Oceania","Port-aux-Français",0,439676,169760,2800,1740,"French overseas territory","Euro","EUR",,0,0,"https://www.worlddata.info/oceania/french-antarctic/index.php"
"Principality of Monaco","Monaco","MC","Europe","Monaco",36686,2,1,4,2,"constitutional monarchy","Euro","EUR",377,5.9,6.6,"https://www.worlddata.info/europe/monaco/index.php"
"Gabon","Le Gabon","GA","Africa","Libreville",2341179,267670,103348,885,550,"Presidential republic","Central African Franc","XAF",241,27.7,6.9,"https://www.worlddata.info/africa/gabon/index.php"
"Gambia","The Gambia","GM","Africa","Banjul",2639916,11300,4363,80,50,"Presidential republic","Dalasi","GMD",220,33.7,7.4,"https://www.worlddata.info/africa/gambia/index.php"
"Georgia","საქართველო / Sakartwelo","GE","Asia","Tbilisi",3708610,69700,26911,310,193,"Semi-presidential republic","Georgian Lari","GEL",995,13,14,"https://www.worlddata.info/asia/georgia/index.php"
"Ghana","Ghana","GH","Africa","Accra",32833031,238540,92101,539,335,"Presidential republic","Ghana Cedi","GHS",233,28,7.4,"https://www.worlddata.info/africa/ghana/index.php"
"Gibraltar","Gibraltar","GI","Europe","Gibraltar",32669,7,3,12,7,"Parliamentary democracy (self-governing territory of the UK)","Gibraltar Pound","GIP",350,10.8,8.7,"https://www.worlddata.info/europe/gibraltar/index.php"
"Grenada","Grenada","GD","Central America","Saint George's",124610,340,131,121,75,"Parliamentary democracy","East Caribbean Dollar","XCD","1-473",16.3,8.1,"https://www.worlddata.info/america/grenada/index.php"
"Greece","Ελλάδα / Elláda","GR","Europe","Athens",10641221,131960,50950,13676,8498,"Parliamentary republic","Euro","EUR",30,7.9,12.2,"https://www.worlddata.info/europe/greece/index.php"
"Greenland","Kalaallit Nunaat / Grønland","GL","North America","Nuuk",56653,2166000,836297,44087,27394,"Parliamentary democracy (territory of the Kingdom of Denmark)","Danish Krone","DKK",299,14.8,9.2,"https://www.worlddata.info/america/greenland/index.php"
"Guadeloupe","Guadeloupe / Gwadloup","GP","Central America","Basse-Terre",456000,1628,629,0,0,"French overseas territory","Euro","EUR",590,0,0,"https://www.worlddata.info/america/guadeloupe/index.php"
"Guam","Guam","GU","Oceania","Hagåtña",170534,540,208,149,93,"Presidential democracy (self-governing unincorporated territory of the US)","US Dollar","USD","1-671",16.4,7.2,"https://www.worlddata.info/oceania/guam/index.php"
"Guatemala","República de Guatemala","GT","Central America","Guatemala City",17109746,108890,42043,400,249,"Presidential republic","Quetzal","GTQ",502,21.8,5.3,"https://www.worlddata.info/america/guatemala/index.php"
"Guernsey","Bailiwick of Guernsey","GG","Europe","Saint Peter Port",67491,78,30,50,31,"Parliamentary democracy (autonomous Crown dependency of the UK)","Guernsey Pound","GGP","44-1481",0,0,"https://www.worlddata.info/europe/guernsey/index.php"
"Guinea","La Guinée","GN","Africa","Conakry",13531906,245860,94927,320,199,"Presidential republic","Guinea Franc","GNF",224,34.9,9.8,"https://www.worlddata.info/africa/guinea/index.php"
"Guinea-Bissau","Guiné-Bissau","GW","Africa","Bissau",2060721,36130,13950,350,217,"Semi-presidential republic","West African Franc","XOF",245,31.6,8.6,"https://www.worlddata.info/africa/guinea-bissau/index.php"
"Guyana","Guyana","GY","South America","Georgetown",804567,214970,83000,459,285,"Parliamentary republic","Guyana Dollar","GYD",592,20.5,8,"https://www.worlddata.info/america/guyana/index.php"
"Haiti","Ayiti / Haïti","HT","Central America","Port-au-Prince",11447569,27750,10714,1771,1100,"Semi-presidential republic","Gourde","HTG",509,23.9,8.2,"https://www.worlddata.info/america/haiti/index.php"
"Heard Island and McDonald Islands","Heard and McDonald Islands","HM","Australia",,0,372,144,102,63,"Australian overseas department","Australian Dollar","AUD",,0,0,"https://www.worlddata.info/australia/heard-island-and-mcdonald-islands/index.php"
"Honduras","Honduras","HN","Central America","Tegucigalpa",10278345,112490,43433,669,416,"Presidential republic","Lempira","HNL",504,21.4,4.9,"https://www.worlddata.info/america/honduras/index.php"
"Hong Kong","香港 / Xiānggǎng","HK","Asia","Hong Kong",7413100,1110,429,733,455,"Presidential limited democracy (special administrative region of China)","Hong Kong Dollar","HKD",852,5.8,6.8,"https://www.worlddata.info/asia/hong-kong/index.php"
"India","Bharat  / भारत गणराज्य","IN","Asia","New Delhi",1425775850,3287259,1269218,7000,4350,"Federal parliamentary republic","Indian Rupee","INR",91,16.6,7.4,"https://www.worlddata.info/asia/india/index.php"
"Indonesia","Indonesia","ID","Asia","Jakarta",273753191,1913580,738837,54716,33999,"Presidential republic","Indonesian Rupiah","IDR",62,16.6,9,"https://www.worlddata.info/asia/indonesia/index.php"
"Isle of Man","Isle of Man / Mannin / Ellan Vannin ","IM","Europe","Douglas",84263,572,221,160,99,"Parliamentary democracy (autonomous Crown dependency of the UK)","Manx Pound","IMP","44-1624",8.6,10.4,"https://www.worlddata.info/europe/isle-of-man/index.php"
"Iraq","جمهورية العراق / Al-´Iraq","IQ","Asia","Baghdad",43533592,435052,167975,58,36,"Federal parliamentary republic","Iraqi Dinar","IQD",964,27.7,5.2,"https://www.worlddata.info/asia/iraq/index.php"
"Iran","ايران / Īrān","IR","Asia","Tehran",87923432,1745150,673806,2440,1516,"Islamic Republic","Iranian Rial","IRR",98,14.2,5.6,"https://www.worlddata.info/asia/iran/index.php"
"Ireland","Éire / Airlann","IE","Europe","Dublin",5033165,70280,27135,1448,900,"Parliamentary republic","Euro","EUR",353,11.2,6.4,"https://www.worlddata.info/europe/ireland/index.php"
"Iceland","Ísland","IS","Europe","Reykjavík",372520,103000,39769,4970,3088,"Parliamentary republic","Icelandic Krone","ISK",354,12.3,6.3,"https://www.worlddata.info/europe/iceland/index.php"
"Israel","ישראל / Yisra’el / Isra’il","IL","Asia","Jerusalem",9364000,22070,8521,273,170,"Parliamentary democracy","New Israeli Sheqel","ILS",972,19.2,5.3,"https://www.worlddata.info/asia/israel/index.php"
"Italy","Italia","IT","Europe","Rome",59109668,301340,116348,7600,4722,"Parliamentary republic","Euro","EUR",39,6.8,12.6,"https://www.worlddata.info/europe/italy/index.php"
"Jamaica","Jamaica","JM","Central America","Kingston",2827695,10990,4243,1022,635,"Parliamentary democracy (under constitutional monarchy)","Jamaica Dollar","JMD","1-876",11.8,7.6,"https://www.worlddata.info/america/jamaica/index.php"
"Japan","日本国","JP","Asia","Tokyo",125681593,377970,145935,29751,18486,"Parliamentary constitutional monarchy","Japanese Yen","JPY",81,6.8,11.1,"https://www.worlddata.info/asia/japan/index.php"
"Yemen","الجمهورية اليمنية / Al-Yaman","YE","Asia","Sanaa",32981641,527970,203850,1906,1184,"Republic","Jemen Rial","YER",967,31.3,6.5,"https://www.worlddata.info/asia/yemen/index.php"
"Jersey","Bailiwick of Jersey","JE","Europe","Saint Helier",102146,120,46,70,43,"Parliamentary democracy (autonomous Crown dependency of the UK)","Jersey Sterling Pound","JEP","44-1534",0,0,"https://www.worlddata.info/europe/jersey/index.php"
"Jordan","الأُرْدُنّ  / Al-Urdunn","JO","Asia","Amman",11148278,89320,34487,26,16,"Parliamentary constitutional monarchy","Jordanian Dinar","JOD",962,22.3,3.5,"https://www.worlddata.info/asia/jordan/index.php"
"British Virgin Islands","British Virgin Islands","VG","Central America","Road Town",31122,150,58,80,50,"Parliamentary democracy (self-governing territory of the UK)","US Dollar","USD","1-284",7.4,6.4,"https://www.worlddata.info/america/british-virgin-islands/index.php"
"Virgin Islands","Virgin Islands of the United States","VI","Central America","Charlotte Amalie",105870,350,135,188,117,"Presidential democracy (self-governing territory of the US)","US Dollar","USD","1-340",12.1,8.4,"https://www.worlddata.info/america/virgin-islands/index.php"
"Cayman Islands","Cayman Islands","KY","Central America","George Town",68136,264,102,160,99,"Parliamentary democracy (self-governing territory of the UK)","Cayman Dollar","KYD","1-345",12.6,3.3,"https://www.worlddata.info/america/cayman-islands/index.php"
"Cambodia","ព្រះរាជាណាចក្រកម្ពុជា / Preăh Réachéanachâk K","KH","Asia","Phnom Penh",16589023,181040,69900,443,275,"Parliamentary constitutional monarchy","Cambodian Riel","KHR",855,19.8,6.2,"https://www.worlddata.info/asia/cambodia/index.php"
"Cameroon","Cameroun / Cameroon","CM","Africa","Yaounde",27198628,475440,183568,402,250,"Presidential republic","Central African Franc","XAF",237,35.5,8.4,"https://www.worlddata.info/africa/cameroon/index.php"
"Canada","Canada","CA","North America","Ottawa",38246108,9984670,3855103,202080,125567,"Federal parliamentary republic (under constitutional monarchy)","Canadian Dollar","CAD",1,9.4,8.1,"https://www.worlddata.info/america/canada/index.php"
"Cape Verde","Cabo Verde","CV","Africa","Praia",587925,4030,1556,965,600,"Parliamentary republic","Cape Verdean Escudo","CVE",238,17.2,5.7,"https://www.worlddata.info/africa/cape-verde/index.php"
"Caribbean Netherlands","Caribisch Nederland","BQ","Central America",,24548,322,124,399,248,"Special municipalities of the Netherlands","US Dollar","USD",599,0,0,"https://www.worlddata.info/america/caribbean-netherlands/index.php"
"Kazakhstan","Қазақстан /  Qazaqstan","KZ","Asia","Nursultan",19000988,2724902,1052091,0,0,"Presidential republic","Tenge","KZT",997,22.8,8.6,"https://www.worlddata.info/asia/kazakhstan/index.php"
"Qatar","قطر / Qatar","QA","Asia","Doha",2688235,11610,4483,563,350,"Absolute monarchy","Qatari Rial","QAR",974,10.9,1.2,"https://www.worlddata.info/asia/qatar/index.php"
"Kenya","Kenya","KE","Africa","Nairobi",53005614,580370,224082,536,333,"Presidential republic","Kenian Schilling","KES",254,28,7.5,"https://www.worlddata.info/africa/kenya/index.php"
"Kyrgyzstan","Кыргызстан / Kyrgyzstan","KG","Asia","Bishkek",6691800,199950,77201,0,0,"Parliamentary republic","Som","KGS",996,24,6.1,"https://www.worlddata.info/asia/kyrgyzstan/index.php"
"Kiribati","Kiribati","KI","Oceania","Tarawa",128874,810,313,1143,710,"Presidential republic","Kiribati Dollar","KID",686,27.6,6.2,"https://www.worlddata.info/oceania/kiribati/index.php"
"United States Minor Outlying Islands","United States Minor Outlying Islands","UM","Oceania",,0,34,13,0,0,"un-incorporated territories of the USA","US Dollar","USD",1,0,0,"https://www.worlddata.info/oceania/us-minor-outlying-islands/index.php"
"Cocos (Keeling) Islands",,"CC","Australia","West Island",596,14,5,26,16,"(non-self-governing territory of Australia)","Australian Dollar","AUD","61-891",0,0,"https://www.worlddata.info/australia/cocos-islands/index.php"
"Colombia","Colombia","CO","South America","Bogota",51516562,1141749,440832,3208,1993,"Presidential republic","Colombian Peso","COP",57,14.4,6.6,"https://www.worlddata.info/america/colombia/index.php"
"Comoros","القمر جزر / قمر / Comores","KM","Africa","Moroni",821625,1861,719,340,211,"Federal presidential republic","Comorian Franc","KMF",269,29.9,8.3,"https://www.worlddata.info/africa/comoros/index.php"
"Kosovo","Kosova","XK","Europe","Pristina",1786038,10887,4203,0,0,"Parliamentary republic","Euro","EUR",383,11.2,7.5,"https://www.worlddata.info/europe/kosovo/index.php"
"Croatia","Hrvatska","HR","Europe","Zagreb",3899000,56590,21850,5835,3626,"Parliamentary republic","Euro","EUR",385,8.9,14.1,"https://www.worlddata.info/europe/croatia/index.php"
"Cuba","Cuba","CU","Central America","Havana",11256372,109880,42425,3735,2321,"Republic (communist one-party system)","Cuban Peso","CUP",53,9.3,10.2,"https://www.worlddata.info/america/cuba/index.php"
"Kuwait","Al-Kuwayt","KW","Asia","Kuwait City",4250114,17820,6880,499,310,"constitutional monarchy","Kuwaiti Dinar","KWD",965,11.8,3.3,"https://www.worlddata.info/asia/kuwait/index.php"
"Laos","Lao","LA","Asia","Vientiane",7425057,236800,91429,0,0,"Republic (communist one-party system)","Kip","LAK",856,22.4,6.4,"https://www.worlddata.info/asia/laos/index.php"
"Lesotho","Lesotho","LS","Africa","Maseru",2281454,30360,11722,0,0,"Parliamentary constitutional monarchy","Lesotho Loti","LSL",266,26.4,12.9,"https://www.worlddata.info/africa/lesotho/index.php"
"Latvia","Latvija","LV","Europe","Riga",1884490,64490,24900,498,309,"Parliamentary republic","Euro","EUR",371,9.2,15.2,"https://www.worlddata.info/europe/latvia/index.php"
"Lebanon","Lubnan","LB","Asia","Beirut",5592631,10450,4035,225,140,"Parliamentary republic","Lebanese Pound","LBP",961,15.3,6.3,"https://www.worlddata.info/asia/lebanon/index.php"
"Liberia","Liberia","LR","Africa","Monrovia",5193416,111370,43000,579,360,"Presidential republic","Liberian Dollar","LRD",231,31.7,8.8,"https://www.worlddata.info/africa/liberia/index.php"
"Libya","Libiya","LY","Africa","Tripoli",6735277,1759540,679362,1770,1100,"Republic (transitional government after dictatorship)","Libyan Dinar","LYD",218,18.3,5.6,"https://www.worlddata.info/africa/libya/index.php"
"Liechtenstein","Liechtenstein","LI","Europe","Vaduz",39039,161,62,0,0,"constitutional monarchy","Swiss Franc","CHF",423,9.1,8.2,"https://www.worlddata.info/europe/liechtenstein/index.php"
"Lithuania","Lietuva","LT","Europe","Vilnius",2800839,65286,25207,90,56,"Semi-presidential republic","Euro","EUR",370,9,15.6,"https://www.worlddata.info/europe/lithuania/index.php"
"Luxembourg","Luxembourg/Lëtzebuerg","LU","Europe","Luxembourg",640064,2590,1000,0,0,"constitutional monarchy","Euro","EUR",352,10.2,7.3,"https://www.worlddata.info/europe/luxembourg/index.php"
"Macao","Macau, Aomen","MO","Asia","Concelho de Macau",686607,30,12,41,25,"Presidential limited democracy (special administrative region of China)","Macanese Pataca","MOP",853,10.1,4,"https://www.worlddata.info/asia/macao/index.php"
"Madagascar","Madagasikara/Madagascar","MG","Africa","Antananarivo",28915653,587295,226756,4828,3000,"Semi-presidential republic","Malagasy Ariary","MGA",261,31.3,6.8,"https://www.worlddata.info/africa/madagascar/index.php"
"Malawi","Malawi","MW","Africa","Lilongwe",19889742,118480,45745,0,0,"Presidential republic","Malawian Kwacha","MWK",265,33.2,6.7,"https://www.worlddata.info/africa/malawi/index.php"
"Malaysia","Malaysia","MY","Asia","Kuala Lumpur",33573874,330345,127547,4675,2905,"Federal constitutional monarchy","Ringgit","MYR",60,15.4,5.3,"https://www.worlddata.info/asia/malaysia/index.php"
"Maldives","Dhivehi Raajje/Maldives","MV","Asia","Malé",521457,300,116,644,400,"Presidential republic","Maldivian Rufiyaa","MVR",960,14.6,3,"https://www.worlddata.info/asia/maldives/index.php"
"Mali","Mali","ML","Africa","Bamako",21904983,1240190,478840,0,0,"Semi-presidential republic","West African Franc","XOF",223,42,9.5,"https://www.worlddata.info/africa/mali/index.php"
"Malta","Malta","MT","Europe","Valletta",518536,320,124,197,122,"Parliamentary republic","Euro","EUR",356,8.6,7.9,"https://www.worlddata.info/europe/malta/index.php"
"Morocco","Al-Maghrib","MA","Africa","Rabat",37076584,446550,172414,1835,1140,"Parliamentary constitutional monarchy","Moroccan Dirham","MAD",212,17.9,6.1,"https://www.worlddata.info/africa/morocco/index.php"
"Marshall Islands","Marshall Islands/Majol","MH","Oceania","Majuro",42050,181,70,370,230,"Presidential republic","US Dollar","USD",692,29,3.7,"https://www.worlddata.info/oceania/marshall-islands/index.php"
"Martinique","Martinique / Matinik / Matnik","MQ","Central America","Fort-de-France",395000,1128,436,0,0,"French overseas territory","Euro","EUR",596,0,0,"https://www.worlddata.info/america/martinique/index.php"
"Mauritania","Muritaniya/Mauritanie","MR","Africa","Nouakchott",4614974,1030700,397955,754,469,"Presidential republic","Mauritanian Ouguiya","MRO",222,33.4,7.5,"https://www.worlddata.info/africa/mauritania/index.php"
"Mauritius","Maurice","MU","Africa","Port Louis",1266060,2040,788,177,110,"Parliamentary republic","Mauritian Rupee","MUR",230,10.6,8.7,"https://www.worlddata.info/africa/mauritius/index.php"
"Mayotte","Mayotte","YT","Africa","Mamoudzou",256518,374,144,183,114,"French overseas territory","Euro","EUR",262,0,0,"https://www.worlddata.info/africa/mayotte/index.php"
"Mexico","México","MX","Central America","Mexico City",126705138,1964375,758449,9330,5797,"Federal presidential republic","Mexican Peso","MXN",52,15.6,9.3,"https://www.worlddata.info/america/mexico/index.php"
"Moldova","Moldova","MD","Europe","Chisinau",2615199,33850,13070,0,0,"Parliamentary republic","Moldovan Leu","MDL",373,12.5,14.4,"https://www.worlddata.info/europe/moldova/index.php"
"Mongolia","Mongol Uls","MN","Asia","Ulaanbaatar",3347782,1564120,603910,0,0,"Semi-presidential republic","Tugrik","MNT",976,22.4,5.5,"https://www.worlddata.info/asia/mongolia/index.php"
"Montenegro","Црна Гора / Crna Gora / Mali i Zi","ME","Europe","Podgorica",619211,13810,5332,294,183,"Parliamentary republic","Euro","EUR",382,11.4,11.7,"https://www.worlddata.info/europe/montenegro/index.php"
"Montserrat","Montserrat","MS","Central America","Brades",5414,102,39,40,25,"Parliamentary democracy (self-governing territory of the UK)","East Caribbean Dollar","XCD","1-664",0,0,"https://www.worlddata.info/america/montserrat/index.php"
"Mozambique","Moçambique","MZ","Africa","Maputo",32077072,786380,303623,2470,1535,"Presidential republic","Metical","MZN",258,37,8,"https://www.worlddata.info/africa/mozambique/index.php"
"Myanmar","Myanma Pye","MM","Asia","Nay Pyi Taw",53798084,676590,261233,1930,1199,"Parliamentary republic","Kyat","MMK",95,17.4,8.8,"https://www.worlddata.info/asia/burma/index.php"
"Namibia","Namibia","NA","Africa","Windhoek",2530151,824290,318260,1572,977,"Presidential republic","Namibian Dollar","NAD",264,27.9,8.5,"https://www.worlddata.info/africa/namibia/index.php"
"Nauru","Naoero/Nauru","NR","Oceania","Yaren",12511,21,8,30,19,"Parliamentary republic","Australian Dollar","AUD",674,0,0,"https://www.worlddata.info/oceania/nauru/index.php"
"Nepal","Nepal","NP","Asia","Kathmandu",30034989,147180,56827,0,0,"Federal parliamentary republic","Nepalese Rupee","NPR",977,20.6,7.2,"https://www.worlddata.info/asia/nepal/index.php"
"New Caledonia","Nouvelle-Calédonie","NC","Oceania","Nouméa",271030,18580,7174,2254,1401,"Parliamentary democracy (territory of France)","Pacific Franc","XPF",687,14.6,5,"https://www.worlddata.info/oceania/new-caledonia/index.php"
"New Zealand","New Zealand/Aotearoa","NZ","Australia","Wellington",5122600,267710,103363,15134,9404,"Parliamentary democracy (under constitutional monarchy)","New Zealand Dollar","NZD",64,11.3,6.4,"https://www.worlddata.info/australia/new-zealand/index.php"
"Nicaragua","Nicaragua","NI","Central America","Managua",6850540,130370,50336,910,565,"Presidential republic","Córdoba Oro","NIO",505,20.9,5.7,"https://www.worlddata.info/america/nicaragua/index.php"
"Netherlands","Nederland","NL","Europe","Amsterdam",17533044,41543,16040,451,280,"Parliamentary constitutional monarchy","Euro","EUR",31,9.7,9.7,"https://www.worlddata.info/europe/netherlands/index.php"
"Niger","Niger","NE","Africa","Niamey",25252722,1267000,489191,0,0,"Semi-presidential republic","West African Franc","XOF",227,45.6,8.3,"https://www.worlddata.info/africa/niger/index.php"
"Nigeria","Nigeria","NG","Africa","Abuja",213401323,923770,356670,853,530,"Federal presidential republic","Naira","NGN",234,37.5,13,"https://www.worlddata.info/africa/nigeria/index.php"
"Niue","Niue","NU","Oceania","Alofi",2000,261,101,64,40,"Parliamentary democracy","New Zealand Dollar","NZD",683,0,0,"https://www.worlddata.info/oceania/niue/index.php"
"North Korea","Choson Minjujuui In´min Konghwaguk (Bukhan)","KP","Asia","Pyongyang",25971909,120540,46541,2495,1550,"People's republic (communist 	one-party system)","North Korean Won","KPW",850,13.3,9.1,"https://www.worlddata.info/asia/north-korea/index.php"
"Northern Mariana Islands","Northern Mariana Islands","MP","Oceania","Saipan",49481,460,178,1482,921,"Unincorporated territory of the US","US Dollar","USD","1-670",13.2,4,"https://www.worlddata.info/oceania/northern-marianas/index.php"
"North Macedonia","Северна Македонија / Maqedonisë së Veriut","MK","Europe","Skopje",2065092,25710,9927,0,0,"Parliamentary republic","Denar","MKD",389,9.2,12.4,"https://www.worlddata.info/europe/northmacedonia/index.php"
"Norfolk Island","Norfolk Island","NF","Australia","Kingston",1748,35,13,32,20,"Parliamentary democracy (territory of Australia)","Australian Dollar","AUD",6723,0,0,"https://www.worlddata.info/australia/norfolk-island/index.php"
"Norway","Norge","NO","Europe","Oslo",5408320,385203,148728,25148,15626,"Parliamentary constitutional monarchy","Norwegian Krone","NOK",47,9.8,7.5,"https://www.worlddata.info/europe/norway/index.php"
"Oman","´Uman","OM","Asia","Muscat",4520471,309500,119499,2092,1300,"Absolute monarchy","Omani Rial","OMR",968,18.8,3,"https://www.worlddata.info/asia/oman/index.php"
"Austria","Österreich","AT","Europe","Vienna",8955797,83879,32386,0,0,"Federal parliamentary republic","Euro","EUR",43,9.4,10.3,"https://www.worlddata.info/europe/austria/index.php"
"East Timor","Timor Timur","TL","Asia","Dili",1320942,14870,5741,706,439,"Semi-presidential republic","US Dollar","USD",670,25.3,6.8,"https://www.worlddata.info/asia/east-timor/index.php"
"Pakistan","Pakistan","PK","Asia","Islamabad",231402117,796100,307376,1046,650,"Federal parliamentary republic","Pakistanian Rupee","PKR",92,28,7.1,"https://www.worlddata.info/asia/pakistan/index.php"
"Palestine","Filastin","PS","Asia","Ramallah",4922749,6020,2324,40,25,"Autonomous region","New Israeli Sheqel","ILS",970,28.8,3.5,"https://www.worlddata.info/asia/palestine/index.php"
"Palau","Belau/Palau","PW","Oceania",,18024,460,178,1519,944,"Presidential republic","US Dollar","USD",680,11,7.6,"https://www.worlddata.info/oceania/palau/index.php"
"Panama","Panamá","PA","Central America","Panama City",4351267,75420,29120,2490,1547,"Presidential republic","Panamanian Balboa","PAB",507,17.9,5.7,"https://www.worlddata.info/america/panama/index.php"
"Papua New Guinea","Papua New Guinea/Papua Niugini","PG","Oceania","Port Moresby",9949437,462840,178704,5152,3201,"Parliamentary democracy (under constitutional monarchy)","Kina","PGK",675,26,6.4,"https://www.worlddata.info/oceania/papua-new-guinea/index.php"
"Paraguay","Paraguay","PY","South America","Asunción",6703799,406752,157048,0,0,"Presidential republic","Guaraní","PYG",595,20.9,5.9,"https://www.worlddata.info/america/paraguay/index.php"
"Peru","Perú/Piruw","PE","South America","Lima",33715471,1285220,496226,2414,1500,"Presidential republic","Nuevo Sol","PEN",51,17.8,7.3,"https://www.worlddata.info/america/peru/index.php"
"Philippines","Pilipinas","PH","Asia","Manila",113880328,300000,115831,36289,22549,"Presidential republic","Philippine Peso","PHP",63,22,5.6,"https://www.worlddata.info/asia/philippines/index.php"
"Pitcairn Islands",,"PN","Oceania","Adamstown",50,49,19,51,32,"Parliamentary Democracy (British overseas territory)","New Zealand Dollar","NZD",649,0,0,"https://www.worlddata.info/oceania/pitcairn-islands/index.php"
"Poland","Polska","PL","Europe","Warsaw",37747124,312680,120726,440,273,"Parliamentary republic","Zloty","PLN",48,9.4,12.6,"https://www.worlddata.info/europe/poland/index.php"
"Portugal","Portugal","PT","Europe","Lisbon",10325147,92226,35609,1793,1114,"Semi-presidential republic","Euro","EUR",351,8.2,12,"https://www.worlddata.info/europe/portugal/index.php"
"Puerto Rico","Puerto Rico","PR","Central America","San Juan",3263584,8870,3425,501,311,"Presidential democracy (unincorporated territory of the US)","US Dollar","USD","1-787",5.6,9.6,"https://www.worlddata.info/america/puerto-rico/index.php"
"Republic of the Congo","Congo","CG","Africa","Brazzaville",5835806,342000,132047,169,105,"Presidential republic","Central African Franc","XAF",242,31.2,6.9,"https://www.worlddata.info/africa/congo-brazzaville/index.php"
"Reunion","Réunion","RE","Africa","Saint-Denis",699000,2512,970,207,129,"French overseas territory","Euro","EUR",262,0,0,"https://www.worlddata.info/africa/reunion/index.php"
"Rwanda","Rwanda / Urwanda","RW","Africa","Kigali",13461888,26340,10170,0,0,"Presidential republic","Rwandan Franc","RWF",250,30.3,6,"https://www.worlddata.info/africa/rwanda/index.php"
"Romania","România","RO","Europe","Bucharest",19119880,238400,92047,225,140,"Semi-presidential republic","Romanian Leu","RON",40,9.2,15.4,"https://www.worlddata.info/europe/romania/index.php"
"Russia","Россия / Rossija","RU","Europe","Moscow",143449286,17098250,6601671,37653,23396,"Federal republic","Russian Rubel","RUB",7,9.8,14.6,"https://www.worlddata.info/europe/russia/index.php"
"Saint Martin","Saint Martin","MF","Central America","Marigot",31948,53,21,59,37,"French overseas territory","Euro","EUR",590,15.8,4.8,"https://www.worlddata.info/america/saint-martin/index.php"
"Solomon Islands","Solomon Islands","SB","Oceania","Honiara",707851,28900,11158,5313,3301,"Parliamentary democracy (under constitutional monarchy)","Salomon Dollar","SBD",677,30.2,5.1,"https://www.worlddata.info/oceania/solomon-islands/index.php"
"Zambia","Zambia","ZM","Africa","Lusaka",19473125,752610,290584,0,0,"Presidential republic","Zambian Kwacha","ZMW",260,35,6.6,"https://www.worlddata.info/africa/zambia/index.php"
"Samoa","Sāmoa","WS","Oceania","Apia",218764,2840,1097,403,250,"Parliamentary republic","Tala","WST",685,27.6,5.3,"https://www.worlddata.info/oceania/samoa/index.php"
"San Marino","San Marino","SM","Europe","San Marino",33745,61,24,0,0,"Parliamentary republic","Euro","EUR",378,6.4,9.9,"https://www.worlddata.info/europe/san-marino/index.php"
"Saint Barthelemy","Saint-Barthélemy","BL","Central America","Gustavia",7103,21,8,32,20,"Corporation of France","Euro","EUR",590,0,0,"https://www.worlddata.info/america/saint-barthelemy/index.php"
"Sao Tome and Principe","São Tomé e Príncipe","ST","Africa","São Tomé",223107,960,371,209,130,"Semi-presidential republic","Dobra","STD",239,28.4,6.3,"https://www.worlddata.info/africa/sao-tome-and-principe/index.php"
"Saudi Arabia","المملكة العربية السعودية / Al-´Arabiya as-Sa´","SA","Asia","Riyadh",35950396,2149690,830000,2640,1640,"Absolute monarchy","Saudi Rial","SAR",966,18.2,2.9,"https://www.worlddata.info/asia/saudi-arabia/index.php"
"Sweden","Sverige","SE","Europe","Stockholm",10415811,447430,172754,3218,2000,"Parliamentary constitutional monarchy","Swedish Krone","SEK",46,10.9,9.5,"https://www.worlddata.info/europe/sweden/index.php"
"Switzerland","Schweiz / Suisse / Svizzera / Svizra","CH","Europe","Bern",8703405,41290,15942,0,0,"Federal republic","Swiss Franc","CHF",41,9.9,8.8,"https://www.worlddata.info/europe/switzerland/index.php"
"Senegal","Sénégal / Sounougal","SN","Africa","Dakar",16876720,196710,75950,531,330,"Presidential republic","West African Franc","XOF",221,33,5.6,"https://www.worlddata.info/africa/senegal/index.php"
"Serbia","Србија Srbija","RS","Europe","Belgrade",6834326,88360,34116,0,0,"Parliamentary republic","Serbian Dinar","RSD",381,8.9,16.9,"https://www.worlddata.info/europe/serbia/index.php"
"Seychelles","Sese l /Seychelles","SC","Africa","Victoria",99258,460,178,491,305,"Presidential republic","Seychelles Rupee","SCR",248,15.8,6.8,"https://www.worlddata.info/africa/seychelles/index.php"
"Sierra Leone","Sierra Leone","SL","Africa","Freetown",8420641,72300,27915,402,250,"Presidential republic","Leone","SLL",232,31.9,9.3,"https://www.worlddata.info/africa/sierra-leone/index.php"
"Zimbabwe","Zimbabwe","ZW","Africa","Harare",15993524,390760,150873,0,0,"Semi-presidential republic","Zimbabwe Dollar","ZWL",263,31,8.1,"https://www.worlddata.info/africa/zimbabwe/index.php"
"Singapore","Singapore / Singapura / 新加坡共和国 / சிங்கப்பூர்","SG","Asia","Singapore",5453566,719,278,193,120,"Parliamentary republic","Singapore Dollar","SGD",65,8.5,5.2,"https://www.worlddata.info/asia/singapore/index.php"
"Sint Maarten","Sint Maarten","SX","Central America","Philipsburg",42846,34,13,59,37,"Republic (autonomous territory of the Kingdom of the Netherlands)","Netherlands Antillean Guilder","ANG","1-721",9,4.2,"https://www.worlddata.info/america/sint-maarten/index.php"
"Slovakia","Slovensko","SK","Europe","Bratislava",5447247,49030,18931,0,0,"Parliamentary republic","Euro","EUR",421,10.4,10.8,"https://www.worlddata.info/europe/slovakia/index.php"
"Slovenia","Slovenija","SI","Europe","Ljubljana",2108079,20675,7983,47,29,"Parliamentary republic","Euro","EUR",386,8.9,11.4,"https://www.worlddata.info/europe/slovenia/index.php"
"Somalia","Soomaaliya / Somalia / الصومال","SO","Africa","Mogadishu",17065581,637660,246202,3025,1880,"Federal parliamentary republic","Somalian Shilling","SOS",252,44,11.4,"https://www.worlddata.info/africa/somalia/index.php"
"Spain","España","ES","Europe","Madrid",47415750,505935,195343,4964,3084,"Parliamentary constitutional monarchy","Euro","EUR",34,7.1,10.4,"https://www.worlddata.info/europe/spain/index.php"
"Sri Lanka","ශ්‍රී ලංකා / இலங்கை","LK","Asia","Colombo",22156000,65610,25332,1340,833,"Presidential republic","Sri Lanka Rupee","LKR",94,14.2,7.1,"https://www.worlddata.info/asia/sri-lanka/index.php"
"Saint Helena, Ascension and Tristan da Cunha","Saint Helena","SH","Africa","Jamestown",7925,391,151,60,37,"Parliamentary democracy (limited self-governing territory of the UK)","St.-Helena Pound","SHP",290,0,0,"https://www.worlddata.info/africa/saint-helena/index.php"
"Saint Kitts and Nevis","Saint Kitts and Nevis","KN","Central America","Basseterre",47606,260,100,135,84,"Federal parliamentary republic (under constitutional monarchy)","East Caribbean Dollar","XCD","1-869",12.4,8.6,"https://www.worlddata.info/america/stkitts-nevis/index.php"
"Saint Lucia","Saint Lucia","LC","Central America","Castries",179651,620,239,158,98,"Parliamentary democracy (under constitutional monarchy)","East Caribbean Dollar","XCD","1-758",11.7,8.2,"https://www.worlddata.info/america/saint-lucia/index.php"
"Saint Pierre and Miquelon","Saint-Pierre-et-Miquelon","PM","North America","Saint-Pierre",5257,242,93,120,75,"Parliamentary democracy (territory of France)","Euro","EUR",508,0,0,"https://www.worlddata.info/america/stpierre-miquelon/index.php"
"Saint Vincent and the Grenadines","Saint Vincent and the Grenadines","VC","Central America","Kingstown",104332,390,151,84,52,"Parliamentary democracy (under constitutional monarchy)","East Caribbean Dollar","XCD","1-784",13.1,11,"https://www.worlddata.info/america/stvincent-grenadines/index.php"
"South Africa","Suid-Afrika / South Africa / Sewula Afrika","ZA","Africa","Pretoria",59392255,1219090,470693,2798,1739,"Parliamentary republic","South African Rand","ZAR",27,20.3,9.4,"https://www.worlddata.info/africa/south-africa/index.php"
"Sudan","جمهورية السودان / As-Sūdān","SD","Africa","Khartoum",45657202,1879358,725624,853,530,"Presidential republic","Sudanese Pound","SDG",249,34.2,6.7,"https://www.worlddata.info/africa/sudan/index.php"
"South Georgia and South Sandwich Islands","South Georgia and the South Sandwich Islands","GS","South America","King Edward Point",30,3903,1507,0,0,"British overseas territory","Sterling Pound","GBP",500,0,0,"https://www.worlddata.info/america/southgeorgia-sandwichislands/index.php"
"South Korea","대한민국 / 大韓民國","KR","Asia","Seoul",51744876,100339,38741,2413,1499,"Presidential republic","South Korean Won","KRW",82,5.3,5.9,"https://www.worlddata.info/asia/south-korea/index.php"
"South Sudan",,"SS","Africa","Juba",10748272,644330,248777,0,0,"Presidential republic","South Sudanese Pound","SSP",211,29.2,10.8,"https://www.worlddata.info/africa/south-sudan/index.php"
"Suriname","Suriname","SR","South America","Paramaribo",612985,163820,63251,386,240,"Presidential republic","Surinam Dollar","SRD",597,18.3,7,"https://www.worlddata.info/america/suriname/index.php"
"Svalbard","Svalbard og Jan Mayen","SJ","Europe","Longyearbyen",2926,62045,23956,124,77,"Territory of Norway","Norwegian Krone","NOK",47,0,0,"https://www.worlddata.info/europe/svalbard/index.php"
"Syria","Sūriyya / Suriya / الجمهورية العربية السورية","SY","Asia","Damascus",21324367,185180,71498,193,120,"Presidential republic","Syrian Pound","SYP",963,19.7,5,"https://www.worlddata.info/asia/syria/index.php"
"Tajikistan","Toçikiston / Тоҷикистон","TJ","Asia","Dushanbe",9750064,141380,54587,0,0,"Presidential republic","Somoni","TJS",992,27.5,6.1,"https://www.worlddata.info/asia/tajikistan/index.php"
"Taiwan","中華民國 / T’ai-wan","TW","Asia","Taipei",23580712,35980,13892,1566,973,"Semi-presidential republic","New Taiwan Dollar","TWD",886,0,0,"https://www.worlddata.info/asia/taiwan/index.php"
"Tanzania","Tanzania","TZ","Africa","Dodoma",63588334,947300,365755,1424,885,"Presidential republic","Tansanian Shilling","TZS",255,36.7,6.2,"https://www.worlddata.info/africa/tanzania/index.php"
"Thailand","Prathet Thai / ประเทศไทย","TH","Asia","Bangkok",71601103,513120,198117,3219,2000,"Constitutional monarchy (interim military-government since May 2014)","Thai Baht","THB",66,9.2,7.3,"https://www.worlddata.info/asia/thailand/index.php"
"Togo","Togo","TG","Africa","Lomé",8644829,56790,21927,56,35,"Presidential republic","West African Franc","XOF",228,32.3,8.4,"https://www.worlddata.info/africa/togo/index.php"
"Tokelau","Tokelau","TK","Oceania",,1647,12,5,101,63,"Parliamentary democracy (territory of New Zealand)","New Zealand Dollar","NZD",690,0,0,"https://www.worlddata.info/oceania/tokelau/index.php"
"Tonga","Puleʻanga Fakatuʻi ʻo Tonga","TO","Oceania","Nuku‘alofa",106017,750,290,419,260,"constitutional monarchy","Pa'anga","TOP",676,23.1,6.9,"https://www.worlddata.info/oceania/tonga/index.php"
"Trinidad and Tobago","Trinidad and Tobago","TT","Central America","Port-of-Spain",1525663,5130,1981,362,225,"Parliamentary republic","Trinidad and Tobago Dollar","TTD","1-868",11.9,7.9,"https://www.worlddata.info/america/trinidad-and-tobago/index.php"
"Chad","جمهوريّة تشاد / Tchad","TD","Africa","N'Djamena",17179740,1284000,495755,0,0,"Presidential republic","Central African Franc","XAF",235,43.8,12.5,"https://www.worlddata.info/africa/chad/index.php"
"Czechia","Česko, Česká republika","CZ","Europe","Prague",10505772,78870,30452,0,0,"Parliamentary republic","Czech Krone","CZK",420,10.3,12.1,"https://www.worlddata.info/europe/czechia/index.php"
"Tunisia","تونس / الجمهورية التونسية / Tūnisiyya","TN","Africa","Tunis",12262946,163610,63170,1148,713,"Parliamentary republic","Tunesian Dinar","TND",216,16.6,6.8,"https://www.worlddata.info/africa/tunisia/index.php"
"Turkey","Türkiye Cumhuriyeti","TR","Asia","Ankara",84775404,785350,303225,7200,4474,"Parliamentary republic","Turkish Lira","TRY",90,15,6.4,"https://www.worlddata.info/asia/turkey/index.php"
"Turkmenistan","Türkmenostan","TM","Asia","Ashgabat",6341855,488100,188456,0,0,"Presidential republic","Turkmen Manat","TMT",993,22.3,6.8,"https://www.worlddata.info/asia/turkmenistan/index.php"
"Turks and Caicos Islands","The Turks and Caicos Islands","TC","Central America","Cockburn Town",45114,950,367,389,242,"Parliamentary democracy (self-governing territory of the UK)","US Dollar","USD","1-649",12.7,8.8,"https://www.worlddata.info/america/turks-and-caicos-islands/index.php"
"Tuvalu","Tuvalu / Fakavae Aliki-Malo","TV","Oceania","Funafuti",11204,26,10,24,15,"Parliamentary democracy (under constitutional monarchy)","Tuvaluan Dollar","TVD",688,23.6,10.2,"https://www.worlddata.info/oceania/tuvalu/index.php"
"Uganda","Uganda","UG","Africa","Kampala",45853778,241550,93263,0,0,"Presidential republic","Ugandan Schilling","UGX",256,37.3,5.9,"https://www.worlddata.info/africa/uganda/index.php"
"Ukraine","Ukrajina / Україна","UA","Europe","Kyiv",43792855,603550,233032,2782,1729,"Semi-presidential republic","Hrywnja","UAH",380,7.8,15.9,"https://www.worlddata.info/europe/ukraine/index.php"
"Hungary","Magyarország","HU","Europe","Budapest",9709891,93030,35919,0,0,"Parliamentary republic","Hungarian Forint","HUF",36,9.6,14.5,"https://www.worlddata.info/europe/hungary/index.php"
"Uruguay","Uruguay","UY","South America","Montevideo",3426260,176220,68039,660,410,"Presidential republic","Uruguay Peso","UYU",598,10.3,9.4,"https://www.worlddata.info/america/uruguay/index.php"
"Uzbekistan","Oʻzbekiston","UZ","Asia","Tashkent",34915100,447400,172742,0,0,"Presidential republic","Uzbekistan Sum","UZS",998,24.6,5.1,"https://www.worlddata.info/asia/uzbekistan/index.php"
"Vanuatu","Vanuatu","VU","Oceania","Port-Vila",319137,12190,4707,2528,1571,"Parliamentary republic","Vatu","VUV",678,29.9,5.5,"https://www.worlddata.info/oceania/vanuatu/index.php"
"Vatican City","Vaticanæ / Santa Sede / Città del Vaticano","VA","Europe","Vatican City",1000,0,0,0,0,"Absolute monarchy","Euro","EUR","39-6",0,0,"https://www.worlddata.info/europe/vatican/index.php"
"Venezuela","Venezuela","VE","South America","Caracas",28199867,912050,352144,2800,1740,"Federal presidential republic","Bolivar digital","VED",58,16.2,7.6,"https://www.worlddata.info/america/venezuela/index.php"
"United Arab Emirates","الإمارات العربية المتحدة / Al-Imarat al-´Arab","AE","Asia","Abu Dhabi",9365145,83600,32278,1318,819,"Federation of autonomous monarchies","Arabic Dirham","AED",971,10.6,1.8,"https://www.worlddata.info/asia/arab-emirates/index.php"
"United States of America",,"US","North America","Washington, D.C.",331893745,9831510,3795967,19924,12380,"Federal presidential republic","US Dollar","USD",1,10.9,10.3,"https://www.worlddata.info/america/usa/index.php"
"United Kingdom","United Kingdom","GB","Europe","London",67326569,243610,94058,12429,7723,"Parliamentary constitutional monarchy","Sterling Pound","GBP",44,10.2,10.4,"https://www.worlddata.info/europe/united-kingdom/index.php"
"Vietnam","Viêt Nam","VN","Asia","Hanoi",97468029,331230,127889,3444,2140,"Republic (communist one-party system)","Dong","VND",84,15.4,6.2,"https://www.worlddata.info/asia/vietnam/index.php"
"Wallis and Futuna","Wallis-et-Futuna","WF","Oceania","Mata-Utu",15891,142,55,129,80,"Parliamentary democracy (territory of France)","Pacific Franc","XPF",681,0,0,"https://www.worlddata.info/oceania/wallis-and-futuna/index.php"
"Christmas Island","Christmas Island","CX","Australia","Flying Fish Cove",2205,135,52,139,86,"(non-self-governing territory of Australia)","Australian Dollar","AUD",61,0,0,"https://www.worlddata.info/australia/christmas-island/index.php"
"Western Sahara","الصحراء الغربية / aṣ-Ṣaḥrāʾ al-Ġarbiyya","EH","Africa","El Aaiún",652271,266000,102703,1110,690,"Republic","Moroccan Dirham","MAD",212,0,0,"https://www.worlddata.info/africa/western-sahara/index.php"
"Central African Republic","Centrafrique / Bê-Afrîka","CF","Africa","Bangui",5457154,622980,240534,0,0,"Presidential republic","Central African Franc","XAF",236,42.2,11,"https://www.worlddata.info/africa/central-african-republic/index.php"
"Cyprus","Κύπρος / Kypros / Kıbrıs","CY","Asia","Nicosia",1244188,9250,3571,648,403,"Presidential democracy","Euro","EUR",357,10.6,6.9,"https://www.worlddata.info/asia/cyprus/index.php"
